Project,Chunk,Label,Score
NOVAZ Crystal Glass,1,LABEL_2,0.9678576588630676
NOVAZ Crystal Glass,2,LABEL_2,0.8774964213371277
"Kibu: Children's Headphones you can Build, Repair, Recycle",1,LABEL_2,0.7618206143379211
"Kibu: Children's Headphones you can Build, Repair, Recycle",2,LABEL_1,0.4790748953819275
"Kibu: Children's Headphones you can Build, Repair, Recycle",3,LABEL_2,0.7698588371276855
"Kibu: Children's Headphones you can Build, Repair, Recycle",4,LABEL_2,0.9891800880432129
"Kibu: Children's Headphones you can Build, Repair, Recycle",5,LABEL_2,0.9727401733398438
Duo Cover 2.0 | The Ultimate Microwave Upgrade,1,LABEL_2,0.601455807685852
Duo Cover 2.0 | The Ultimate Microwave Upgrade,2,LABEL_1,0.49168291687965393
Duo Cover 2.0 | The Ultimate Microwave Upgrade,3,LABEL_2,0.550475001335144
Xeric Invertor II Automatic Watch,1,LABEL_2,0.7679732441902161
Xeric Invertor II Automatic Watch,2,LABEL_2,0.4852368235588074
The Lil Gulp - The Ultimate Doggy Water Bottle,1,LABEL_2,0.9784116744995117
The Lil Gulp - The Ultimate Doggy Water Bottle,2,LABEL_2,0.9714904427528381
The Lil Gulp - The Ultimate Doggy Water Bottle,3,LABEL_2,0.41851502656936646
The Lil Gulp - The Ultimate Doggy Water Bottle,4,LABEL_2,0.5599448084831238
The Lil Gulp - The Ultimate Doggy Water Bottle,5,LABEL_2,0.9681219458580017
Desk Nest Cat Bed - The Purrfect Cat Bed for Your Desk,1,LABEL_2,0.8592504858970642
Desk Nest Cat Bed - The Purrfect Cat Bed for Your Desk,2,LABEL_2,0.9111238718032837
Desk Nest Cat Bed - The Purrfect Cat Bed for Your Desk,3,LABEL_2,0.8508356213569641
Desk Nest Cat Bed - The Purrfect Cat Bed for Your Desk,4,LABEL_2,0.6114095449447632
How to Say It: Flashcards for Professional Communication,1,LABEL_2,0.563057541847229
How to Say It: Flashcards for Professional Communication,2,LABEL_2,0.8193064332008362
How to Say It: Flashcards for Professional Communication,3,LABEL_0,0.484068900346756
Korin HubPack 33: The Pinnacle of Anti-Theft Backpacks,1,LABEL_1,0.44585397839546204
Korin HubPack 33: The Pinnacle of Anti-Theft Backpacks,2,LABEL_1,0.4863795340061188
Korin HubPack 33: The Pinnacle of Anti-Theft Backpacks,3,LABEL_2,0.8431159257888794
Korin HubPack 33: The Pinnacle of Anti-Theft Backpacks,4,LABEL_2,0.9617977738380432
Korin HubPack 33: The Pinnacle of Anti-Theft Backpacks,5,LABEL_2,0.9450480937957764
Korin HubPack 33: The Pinnacle of Anti-Theft Backpacks,6,LABEL_2,0.8654410243034363
Korin HubPack 33: The Pinnacle of Anti-Theft Backpacks,7,LABEL_2,0.7538813352584839
Korin HubPack 33: The Pinnacle of Anti-Theft Backpacks,8,LABEL_2,0.4366455078125
Korin HubPack 33: The Pinnacle of Anti-Theft Backpacks,9,LABEL_2,0.4986768364906311
Korin HubPack 33: The Pinnacle of Anti-Theft Backpacks,10,LABEL_1,0.4751235842704773
Korin HubPack 33: The Pinnacle of Anti-Theft Backpacks,11,LABEL_2,0.971993625164032
Korin HubPack 33: The Pinnacle of Anti-Theft Backpacks,12,LABEL_0,0.5580151081085205
PASSPORT SHELL 2.0 - The Perfect Travel Wallet by Dash,1,LABEL_1,0.47920629382133484
PASSPORT SHELL 2.0 - The Perfect Travel Wallet by Dash,2,LABEL_2,0.6836631298065186
PASSPORT SHELL 2.0 - The Perfect Travel Wallet by Dash,3,LABEL_1,0.4704095125198364
PASSPORT SHELL 2.0 - The Perfect Travel Wallet by Dash,4,LABEL_1,0.49626392126083374
PASSPORT SHELL 2.0 - The Perfect Travel Wallet by Dash,5,LABEL_1,0.5774732232093811
PASSPORT SHELL 2.0 - The Perfect Travel Wallet by Dash,6,LABEL_2,0.5882964730262756
PASSPORT SHELL 2.0 - The Perfect Travel Wallet by Dash,7,LABEL_1,0.4830612540245056
PASSPORT SHELL 2.0 - The Perfect Travel Wallet by Dash,8,LABEL_2,0.5710409283638
PASSPORT SHELL 2.0 - The Perfect Travel Wallet by Dash,9,LABEL_1,0.4729084074497223
PASSPORT SHELL 2.0 - The Perfect Travel Wallet by Dash,10,LABEL_1,0.5289056301116943
PASSPORT SHELL 2.0 - The Perfect Travel Wallet by Dash,11,LABEL_2,0.5630189776420593
PASSPORT SHELL 2.0 - The Perfect Travel Wallet by Dash,12,LABEL_1,0.48453935980796814
PASSPORT SHELL 2.0 - The Perfect Travel Wallet by Dash,13,LABEL_1,0.5901852250099182
PASSPORT SHELL 2.0 - The Perfect Travel Wallet by Dash,14,LABEL_1,0.5562665462493896
PASSPORT SHELL 2.0 - The Perfect Travel Wallet by Dash,15,LABEL_1,0.5609094500541687
PASSPORT SHELL 2.0 - The Perfect Travel Wallet by Dash,16,LABEL_1,0.4778226315975189
PASSPORT SHELL 2.0 - The Perfect Travel Wallet by Dash,17,LABEL_2,0.8375429511070251
Hafu Rod - Pocket Sized Tenkara Rods - Made in Japan,1,LABEL_2,0.7589896321296692
Hafu Rod - Pocket Sized Tenkara Rods - Made in Japan,2,LABEL_2,0.8937501311302185
The Prisoner Retro Style Action Figures Wave No2,1,LABEL_2,0.4650316834449768
The Prisoner Retro Style Action Figures Wave No2,2,LABEL_2,0.9487445950508118
The Prisoner Retro Style Action Figures Wave No2,3,LABEL_2,0.9368104338645935
The Prisoner Retro Style Action Figures Wave No2,4,LABEL_2,0.8656597137451172
The Prisoner Retro Style Action Figures Wave No2,5,LABEL_2,0.6772568821907043
The Prisoner Retro Style Action Figures Wave No2,6,LABEL_2,0.8200664520263672
The Prisoner Retro Style Action Figures Wave No2,7,LABEL_2,0.9637389183044434
The Prisoner Retro Style Action Figures Wave No2,8,LABEL_2,0.8727226257324219
The Prisoner Retro Style Action Figures Wave No2,9,LABEL_2,0.8144775629043579
The Prisoner Retro Style Action Figures Wave No2,10,LABEL_0,0.48726770281791687
Exlicon L- Precision Golden Ratio Tools for Art and Geometry,1,LABEL_2,0.9829618334770203
OPAL - Organizer,1,LABEL_2,0.993158757686615
The Palm Bin: A Cooling Compost Bin for a Cleaner Kitchen,1,LABEL_2,0.747820258140564
"NOOK: The Simplest, Most Hygienic Toothbrush Holder",1,LABEL_2,0.9719440340995789
SINOBIS - New Sneaker-Like Dress Shoes for All Occasions,1,LABEL_0,0.427378386259079
BANG!CASE | The First Phone Case with 3 Customizable Buttons,1,LABEL_1,0.5829060077667236
BANG!CASE | The First Phone Case with 3 Customizable Buttons,2,LABEL_2,0.965966522693634
H?lios - A Masterpiece in Motion,1,LABEL_2,0.7307660579681396
H?lios - A Masterpiece in Motion,2,LABEL_1,0.4678732454776764
H?lios - A Masterpiece in Motion,3,LABEL_2,0.5007546544075012
LockDown | Anti-Theft Beach Bags,1,LABEL_2,0.7610085010528564
LockDown | Anti-Theft Beach Bags,2,LABEL_2,0.9165245294570923
Good + Evil Omen : A simple watch by a recovering architect,1,LABEL_2,0.8594727516174316
The Stratus - an elevated umbrella.,1,LABEL_1,0.5693233013153076
The Stratus - an elevated umbrella.,2,LABEL_2,0.6301286816596985
The Linear XT01 Automatic Watch.,1,LABEL_2,0.6815781593322754
The Linear XT01 Automatic Watch.,2,LABEL_2,0.818076491355896
24:07 watches,1,LABEL_1,0.6824280619621277
PlayBloc Leather Bag | Sustainable Fashion for Every Day,1,LABEL_2,0.9239218235015869
The MoOdie,1,LABEL_2,0.9770926237106323
It’s A Happy Day in Hell - Hazbin Hotel Ita Bag,1,LABEL_2,0.5893694162368774
It’s A Happy Day in Hell - Hazbin Hotel Ita Bag,2,LABEL_1,0.5816766619682312
It’s A Happy Day in Hell - Hazbin Hotel Ita Bag,3,LABEL_1,0.6049500107765198
It’s A Happy Day in Hell - Hazbin Hotel Ita Bag,4,LABEL_2,0.9933719635009766
Tailored Rings: Premium Hinged Rings for Comfortable Fit,1,LABEL_2,0.6595391035079956
"Serpents, The Reptile Themed Enamel Pin Project",1,LABEL_1,0.6124810576438904
"a ""game-changing"" business suit for the stylish commuter",1,LABEL_1,0.4534528851509094
HIGH STRIDE: Premium Japanese Selvedge Cargo Pants,1,LABEL_2,0.8908253908157349
House of Dracula Enamel Pins,1,LABEL_2,0.9717250466346741
Poke Dreams Hard Enamel Pin,1,LABEL_2,0.9861204028129578
D?p Sl?pwear - The Hoodie That Helps You Sleep Better.,1,LABEL_2,0.8419673442840576
"Sereviva: Simple Athleisure Comfort, Evolved",1,LABEL_2,0.9879792928695679
Kurume-Ori Henley Collar Jinbei: Traditional Summer Wear,1,LABEL_2,0.9522411823272705
Coffin Ita Bag Collection Part 2,1,LABEL_2,0.5685761570930481
Twisted Forest: An Enamel Pin Set,1,LABEL_2,0.7397580146789551
The Favorite Kimono Dress & Modern Style School Bag,1,LABEL_2,0.556194543838501
Genshin Impact satchel bags,1,LABEL_2,0.4836008548736572
Genshin Impact satchel bags,2,LABEL_2,0.7048003077507019
SCRD Tactical Gear,1,LABEL_2,0.9931585192680359
BrianBeLeafs 2023-24 Season.,1,LABEL_2,0.9778571128845215
BrianBeLeafs 2023-24 Season.,2,LABEL_2,0.6706722378730774
Thrown into a Deathmatch with a Final Boss! Light Novel,1,LABEL_2,0.9931706190109253
Lad: The Homecoming Issue #4,1,LABEL_2,0.9898285865783691
Kaijus & Cowboys #4,1,LABEL_2,0.9266083836555481
Kaiju Girls Volume 2,1,LABEL_2,0.9816322326660156
I Summoned a Demon and She's Kinda My Type Volume #1-2 NSFW,1,LABEL_1,0.4730584919452667
I Summoned a Demon and She's Kinda My Type Volume #1-2 NSFW,2,LABEL_2,0.9619103074073792
Romero's AXA,1,LABEL_1,0.8082018494606018
♠ Ace & ★ Starlet #3,1,LABEL_2,0.9404529333114624
Bleeding Pulp Presents: Blue Geisha 1 - 3,1,LABEL_2,0.8577156066894531
Outbreak Park,1,LABEL_2,0.9880529642105103
Britney the Fire Mage,1,LABEL_2,0.9461479187011719
My Metal Girl #2,1,LABEL_1,0.6659477949142456
DREAMQUEST 1-2 - 48 page Lovecraftian horror sequel,1,LABEL_2,0.8548632264137268
Good Boy: A Red Moon Over Kyoto #1-2,1,LABEL_2,0.9782107472419739
American Yakuza - NSFW Murder Mystery Adventure (Act 1 of 5),1,LABEL_1,0.5586615204811096
Monster Girl Beach Party #3 Halloween special!,1,LABEL_1,0.5659483075141907
SCP Foundation Comics Box Set,1,LABEL_2,0.7123700976371765
SCP Foundation Comics Box Set,2,LABEL_2,0.5208564400672913
SCP Foundation Comics Box Set,3,LABEL_2,0.936556339263916
SCP Foundation Comics Box Set,4,LABEL_2,0.551403820514679
SCP Foundation Comics Box Set,5,LABEL_2,0.7667447328567505
SCP Foundation Comics Box Set,6,LABEL_2,0.7263700366020203
SCP Foundation Comics Box Set,7,LABEL_2,0.6163111925125122
SCP Foundation Comics Box Set,8,LABEL_2,0.7101686000823975
SCP Foundation Comics Box Set,9,LABEL_2,0.9830097556114197
SUGAR POP vs ZOMBIE TRAMP,1,LABEL_2,0.8558417558670044
Succulent: Trans-Inclusive Sapphic Comics Anthology,1,LABEL_2,0.9869282841682434
No one can know I don't like sex - An aro/ace humor comic,1,LABEL_2,0.8474701642990112
Keystone: North America 2nd Edition + Coastal Expansion,1,LABEL_2,0.5016612410545349
Keystone: North America 2nd Edition + Coastal Expansion,2,LABEL_1,0.5260660648345947
Keystone: North America 2nd Edition + Coastal Expansion,3,LABEL_2,0.8467661142349243
Keystone: North America 2nd Edition + Coastal Expansion,4,LABEL_2,0.5024989247322083
Keystone: North America 2nd Edition + Coastal Expansion,5,LABEL_2,0.7666034698486328
Keystone: North America 2nd Edition + Coastal Expansion,6,LABEL_1,0.4797050654888153
Keystone: North America 2nd Edition + Coastal Expansion,7,LABEL_2,0.9207348227500916
Keystone: North America 2nd Edition + Coastal Expansion,8,LABEL_1,0.6862197518348694
Keystone: North America 2nd Edition + Coastal Expansion,9,LABEL_1,0.6040001511573792
Keystone: North America 2nd Edition + Coastal Expansion,10,LABEL_1,0.6712756752967834
Keystone: North America 2nd Edition + Coastal Expansion,11,LABEL_2,0.73160719871521
Keystone: North America 2nd Edition + Coastal Expansion,12,LABEL_2,0.8076314926147461
Keystone: North America 2nd Edition + Coastal Expansion,13,LABEL_2,0.8836616277694702
Keystone: North America 2nd Edition + Coastal Expansion,14,LABEL_1,0.8859970569610596
Adventure Time: The Roleplaying Game,1,LABEL_2,0.9760027527809143
Adventure Time: The Roleplaying Game,2,LABEL_2,0.8560280799865723
Adventure Time: The Roleplaying Game,3,LABEL_2,0.5578493475914001
Adventure Time: The Roleplaying Game,4,LABEL_2,0.806512176990509
Adventure Time: The Roleplaying Game,5,LABEL_2,0.9192231297492981
Adventure Time: The Roleplaying Game,6,LABEL_2,0.6374582648277283
Adventure Time: The Roleplaying Game,7,LABEL_2,0.5882135629653931
Adventure Time: The Roleplaying Game,8,LABEL_1,0.5034947991371155
Adventure Time: The Roleplaying Game,9,LABEL_1,0.49968549609184265
Adventure Time: The Roleplaying Game,10,LABEL_1,0.5101995468139648
Adventure Time: The Roleplaying Game,11,LABEL_2,0.7810823917388916
Adventure Time: The Roleplaying Game,12,LABEL_2,0.48884138464927673
Adventure Time: The Roleplaying Game,13,LABEL_1,0.510010838508606
Adventure Time: The Roleplaying Game,14,LABEL_2,0.7407490611076355
Adventure Time: The Roleplaying Game,15,LABEL_2,0.6940235495567322
Adventure Time: The Roleplaying Game,16,LABEL_2,0.8828063011169434
Adventure Time: The Roleplaying Game,17,LABEL_2,0.5417718887329102
Adventure Time: The Roleplaying Game,18,LABEL_1,0.5587376952171326
Adventure Time: The Roleplaying Game,19,LABEL_1,0.492338091135025
Adventure Time: The Roleplaying Game,20,LABEL_2,0.528278648853302
Adventure Time: The Roleplaying Game,21,LABEL_2,0.8879000544548035
Adventure Time: The Roleplaying Game,22,LABEL_2,0.9599975347518921
Adventure Time: The Roleplaying Game,23,LABEL_2,0.5799310803413391
Adventure Time: The Roleplaying Game,24,LABEL_2,0.7174788117408752
Adventure Time: The Roleplaying Game,25,LABEL_2,0.6584281325340271
Adventure Time: The Roleplaying Game,26,LABEL_2,0.8956887722015381
Adventure Time: The Roleplaying Game,27,LABEL_2,0.6440159678459167
Adventure Time: The Roleplaying Game,28,LABEL_2,0.6816657781600952
Adventure Time: The Roleplaying Game,29,LABEL_2,0.8358026146888733
Adventure Time: The Roleplaying Game,30,LABEL_2,0.9228184819221497
Adventure Time: The Roleplaying Game,31,LABEL_2,0.9001314640045166
Adventure Time: The Roleplaying Game,32,LABEL_2,0.7418166399002075
Adventure Time: The Roleplaying Game,33,LABEL_2,0.858893096446991
Adventure Time: The Roleplaying Game,34,LABEL_2,0.8990735411643982
Adventure Time: The Roleplaying Game,35,LABEL_2,0.7834625840187073
Adventure Time: The Roleplaying Game,36,LABEL_2,0.9452151656150818
Adventure Time: The Roleplaying Game,37,LABEL_2,0.6093636751174927
Adventure Time: The Roleplaying Game,38,LABEL_2,0.812901496887207
Adventure Time: The Roleplaying Game,39,LABEL_2,0.7231301665306091
Adventure Time: The Roleplaying Game,40,LABEL_1,0.44490957260131836
Adventure Time: The Roleplaying Game,41,LABEL_2,0.4695560336112976
Adventure Time: The Roleplaying Game,42,LABEL_1,0.5312240719795227
Adventure Time: The Roleplaying Game,43,LABEL_1,0.5526522994041443
Adventure Time: The Roleplaying Game,44,LABEL_1,0.5056953430175781
Adventure Time: The Roleplaying Game,45,LABEL_2,0.7269231677055359
Adventure Time: The Roleplaying Game,46,LABEL_2,0.8762643933296204
Adventure Time: The Roleplaying Game,47,LABEL_2,0.6933199167251587
Adventure Time: The Roleplaying Game,48,LABEL_1,0.5475344657897949
Adventure Time: The Roleplaying Game,49,LABEL_1,0.4960089921951294
Adventure Time: The Roleplaying Game,50,LABEL_1,0.519557535648346
Adventure Time: The Roleplaying Game,51,LABEL_1,0.4551675021648407
Adventure Time: The Roleplaying Game,52,LABEL_2,0.9537635445594788
Adventure Time: The Roleplaying Game,53,LABEL_2,0.8921376466751099
Adventure Time: The Roleplaying Game,54,LABEL_1,0.5424160361289978
Adventure Time: The Roleplaying Game,55,LABEL_0,0.5499081015586853
Adventure Time: The Roleplaying Game,56,LABEL_2,0.9184205532073975
Adventure Time: The Roleplaying Game,57,LABEL_2,0.7680054903030396
Adventure Time: The Roleplaying Game,58,LABEL_1,0.5368590354919434
Adventure Time: The Roleplaying Game,59,LABEL_2,0.8280022144317627
Adventure Time: The Roleplaying Game,60,LABEL_1,0.5104836225509644
Adventure Time: The Roleplaying Game,61,LABEL_2,0.877799391746521
Adventure Time: The Roleplaying Game,62,LABEL_1,0.5038175582885742
Adventure Time: The Roleplaying Game,63,LABEL_2,0.6987343430519104
Adventure Time: The Roleplaying Game,64,LABEL_2,0.6689047813415527
Adventure Time: The Roleplaying Game,65,LABEL_2,0.8017649054527283
Adventure Time: The Roleplaying Game,66,LABEL_2,0.8599260449409485
Adventure Time: The Roleplaying Game,67,LABEL_2,0.6440771818161011
Adventure Time: The Roleplaying Game,68,LABEL_2,0.8617902994155884
Adventure Time: The Roleplaying Game,69,LABEL_2,0.9314494132995605
Adventure Time: The Roleplaying Game,70,LABEL_2,0.8784699440002441
Adventure Time: The Roleplaying Game,71,LABEL_2,0.9440008997917175
Adventure Time: The Roleplaying Game,72,LABEL_2,0.9405372738838196
Adventure Time: The Roleplaying Game,73,LABEL_0,0.46914950013160706
Adventure Time: The Roleplaying Game,74,LABEL_2,0.8009245991706848
Adventure Time: The Roleplaying Game,75,LABEL_2,0.8638520240783691
Adventure Time: The Roleplaying Game,76,LABEL_2,0.8325388431549072
Adventure Time: The Roleplaying Game,77,LABEL_2,0.9258403778076172
Adventure Time: The Roleplaying Game,78,LABEL_2,0.9373493194580078
Adventure Time: The Roleplaying Game,79,LABEL_2,0.966235339641571
Enemies and Lovers: The Crown of Elfhame,1,LABEL_2,0.8691257834434509
Enemies and Lovers: The Crown of Elfhame,2,LABEL_2,0.7687497735023499
Enemies and Lovers: The Crown of Elfhame,3,LABEL_2,0.5214768052101135
Enemies and Lovers: The Crown of Elfhame,4,LABEL_2,0.6361417770385742
Enemies and Lovers: The Crown of Elfhame,5,LABEL_2,0.9860158562660217
Enemies and Lovers: The Crown of Elfhame,6,LABEL_2,0.9850037097930908
Enemies and Lovers: The Crown of Elfhame,7,LABEL_2,0.8600096702575684
Enemies and Lovers: The Crown of Elfhame,8,LABEL_2,0.7379646301269531
Enemies and Lovers: The Crown of Elfhame,9,LABEL_2,0.9395706653594971
Enemies and Lovers: The Crown of Elfhame,10,LABEL_2,0.9694975018501282
Enemies and Lovers: The Crown of Elfhame,11,LABEL_2,0.9668909907341003
Enemies and Lovers: The Crown of Elfhame,12,LABEL_2,0.9793063402175903
Enemies and Lovers: The Crown of Elfhame,13,LABEL_2,0.9565802216529846
Enemies and Lovers: The Crown of Elfhame,14,LABEL_2,0.9190066456794739
Enemies and Lovers: The Crown of Elfhame,15,LABEL_2,0.9325613975524902
Enemies and Lovers: The Crown of Elfhame,16,LABEL_2,0.6644299626350403
Enemies and Lovers: The Crown of Elfhame,17,LABEL_2,0.9349190592765808
Enemies and Lovers: The Crown of Elfhame,18,LABEL_2,0.9448573589324951
Enemies and Lovers: The Crown of Elfhame,19,LABEL_2,0.7013922929763794
Enemies and Lovers: The Crown of Elfhame,20,LABEL_1,0.5329951047897339
Canvas Big Box,1,LABEL_2,0.6584209203720093
Canvas Big Box,2,LABEL_2,0.5769978165626526
Canvas Big Box,3,LABEL_2,0.784176766872406
Canvas Big Box,4,LABEL_2,0.4910036623477936
Canvas Big Box,5,LABEL_1,0.6332076191902161
Canvas Big Box,6,LABEL_1,0.4574122130870819
Canvas Big Box,7,LABEL_1,0.4687040448188782
Canvas Big Box,8,LABEL_0,0.5296558141708374
Canvas Big Box,9,LABEL_0,0.7727751135826111
Canvas Big Box,10,LABEL_1,0.47002139687538147
Canvas Big Box,11,LABEL_1,0.4552857577800751
Canvas Big Box,12,LABEL_1,0.4522147476673126
Canvas Big Box,13,LABEL_0,0.5768627524375916
Canvas Big Box,14,LABEL_1,0.5161789059638977
Canvas Big Box,15,LABEL_2,0.8095459938049316
Canvas Big Box,16,LABEL_2,0.9692716598510742
Canvas Big Box,17,LABEL_1,0.5165097117424011
Canvas Big Box,18,LABEL_1,0.5001171231269836
Canvas Big Box,19,LABEL_1,0.5370723605155945
Canvas Big Box,20,LABEL_1,0.5976800322532654
Canvas Big Box,21,LABEL_2,0.6036050915718079
Canvas Big Box,22,LABEL_2,0.8579367399215698
Canvas Big Box,23,LABEL_1,0.5455014705657959
Canvas Big Box,24,LABEL_1,0.4798544943332672
Canvas Big Box,25,LABEL_2,0.5398811101913452
Canvas Big Box,26,LABEL_2,0.5182272791862488
Canvas Big Box,27,LABEL_2,0.8230671882629395
Canvas Big Box,28,LABEL_2,0.7999645471572876
Canvas Big Box,29,LABEL_1,0.5346027612686157
Canvas Big Box,30,LABEL_2,0.990594744682312
LA FLEUR: Extravagant Gardens in Rococo France,1,LABEL_2,0.9783186316490173
LA FLEUR: Extravagant Gardens in Rococo France,2,LABEL_2,0.9681190252304077
LA FLEUR: Extravagant Gardens in Rococo France,3,LABEL_2,0.7074890732765198
LA FLEUR: Extravagant Gardens in Rococo France,4,LABEL_2,0.9493227601051331
LA FLEUR: Extravagant Gardens in Rococo France,5,LABEL_2,0.957900881767273
LA FLEUR: Extravagant Gardens in Rococo France,6,LABEL_2,0.543857216835022
LA FLEUR: Extravagant Gardens in Rococo France,7,LABEL_2,0.9850949048995972
LA FLEUR: Extravagant Gardens in Rococo France,8,LABEL_2,0.9850060343742371
LA FLEUR: Extravagant Gardens in Rococo France,9,LABEL_2,0.9915807843208313
LA FLEUR: Extravagant Gardens in Rococo France,10,LABEL_2,0.9903702139854431
LA FLEUR: Extravagant Gardens in Rococo France,11,LABEL_2,0.9891614317893982
LA FLEUR: Extravagant Gardens in Rococo France,12,LABEL_2,0.8718922734260559
LA FLEUR: Extravagant Gardens in Rococo France,13,LABEL_2,0.9793034791946411
LA FLEUR: Extravagant Gardens in Rococo France,14,LABEL_2,0.9890086054801941
"Worlds at a Glance: 5E tools to describe towns, shops & NPCs",1,LABEL_2,0.7703806757926941
"Worlds at a Glance: 5E tools to describe towns, shops & NPCs",2,LABEL_2,0.9535222053527832
"Worlds at a Glance: 5E tools to describe towns, shops & NPCs",3,LABEL_2,0.9734001755714417
"Worlds at a Glance: 5E tools to describe towns, shops & NPCs",4,LABEL_1,0.4813750982284546
"Worlds at a Glance: 5E tools to describe towns, shops & NPCs",5,LABEL_1,0.6064902544021606
"Worlds at a Glance: 5E tools to describe towns, shops & NPCs",6,LABEL_2,0.9813370108604431
"Worlds at a Glance: 5E tools to describe towns, shops & NPCs",7,LABEL_2,0.8177761435508728
"Worlds at a Glance: 5E tools to describe towns, shops & NPCs",8,LABEL_2,0.9845952987670898
Wonders of The First CCG,1,LABEL_1,0.550477147102356
Wonders of The First CCG,2,LABEL_2,0.513071596622467
Wonders of The First CCG,3,LABEL_1,0.5763785243034363
Wonders of The First CCG,4,LABEL_1,0.5496464967727661
Wonders of The First CCG,5,LABEL_2,0.6251005530357361
Wonders of The First CCG,6,LABEL_2,0.876462996006012
Wonders of The First CCG,7,LABEL_1,0.5496218204498291
Wonders of The First CCG,8,LABEL_1,0.5905740857124329
Wonders of The First CCG,9,LABEL_1,0.5129931569099426
Wonders of The First CCG,10,LABEL_2,0.6054874062538147
Wonders of The First CCG,11,LABEL_2,0.5841030478477478
Wonders of The First CCG,12,LABEL_1,0.5335050225257874
Wonders of The First CCG,13,LABEL_1,0.613358736038208
Wonders of The First CCG,14,LABEL_1,0.589279055595398
Wonders of The First CCG,15,LABEL_0,0.5401087403297424
Wonders of The First CCG,16,LABEL_1,0.5127822756767273
Wonders of The First CCG,17,LABEL_2,0.6027551293373108
Wonders of The First CCG,18,LABEL_2,0.5229060053825378
Wonders of The First CCG,19,LABEL_2,0.6260327100753784
Wonders of The First CCG,20,LABEL_2,0.7965091466903687
Wonders of The First CCG,21,LABEL_1,0.50483238697052
Wonders of The First CCG,22,LABEL_0,0.4763193726539612
Wonders of The First CCG,23,LABEL_2,0.8412967920303345
Wonders of The First CCG,24,LABEL_0,0.7476068139076233
Wonders of The First CCG,25,LABEL_0,0.7802289128303528
Wonders of The First CCG,26,LABEL_1,0.4868956208229065
Wonders of The First CCG,27,LABEL_0,0.46910274028778076
Wonders of The First CCG,28,LABEL_1,0.4757455885410309
Wonders of The First CCG,29,LABEL_1,0.44812506437301636
Wonders of The First CCG,30,LABEL_2,0.6032500267028809
Wonders of The First CCG,31,LABEL_2,0.9480577111244202
Wonders of The First CCG,32,LABEL_2,0.9663260579109192
Wonders of The First CCG,33,LABEL_1,0.6649461984634399
The Sixth Realm - A Heavy Euro Game,1,LABEL_2,0.950228750705719
The Sixth Realm - A Heavy Euro Game,2,LABEL_2,0.7340158820152283
The Sixth Realm - A Heavy Euro Game,3,LABEL_1,0.4298829138278961
The Sixth Realm - A Heavy Euro Game,4,LABEL_1,0.46470972895622253
The Sixth Realm - A Heavy Euro Game,5,LABEL_2,0.47676441073417664
The Sixth Realm - A Heavy Euro Game,6,LABEL_1,0.5063233375549316
The Sixth Realm - A Heavy Euro Game,7,LABEL_2,0.7899007797241211
The Sixth Realm - A Heavy Euro Game,8,LABEL_1,0.44741925597190857
The Sixth Realm - A Heavy Euro Game,9,LABEL_2,0.9147499203681946
The Sixth Realm - A Heavy Euro Game,10,LABEL_2,0.8643586039543152
The Sixth Realm - A Heavy Euro Game,11,LABEL_2,0.8232651948928833
The Sixth Realm - A Heavy Euro Game,12,LABEL_2,0.4570035934448242
The Sixth Realm - A Heavy Euro Game,13,LABEL_2,0.9016316533088684
The Sixth Realm - A Heavy Euro Game,14,LABEL_2,0.7517749071121216
The Sixth Realm - A Heavy Euro Game,15,LABEL_2,0.9669946432113647
The Sixth Realm - A Heavy Euro Game,16,LABEL_2,0.5053843259811401
The Sixth Realm - A Heavy Euro Game,17,LABEL_1,0.47630637884140015
The Sixth Realm - A Heavy Euro Game,18,LABEL_2,0.8321264982223511
The Sixth Realm - A Heavy Euro Game,19,LABEL_2,0.6823133230209351
The Sixth Realm - A Heavy Euro Game,20,LABEL_2,0.9636237621307373
FREE STARS: Children of Infinity,1,LABEL_2,0.6119101047515869
FREE STARS: Children of Infinity,2,LABEL_2,0.7164829969406128
FREE STARS: Children of Infinity,3,LABEL_2,0.7128653526306152
FREE STARS: Children of Infinity,4,LABEL_1,0.4354511797428131
FREE STARS: Children of Infinity,5,LABEL_1,0.47225484251976013
FREE STARS: Children of Infinity,6,LABEL_1,0.5176050066947937
FREE STARS: Children of Infinity,7,LABEL_1,0.48209965229034424
FREE STARS: Children of Infinity,8,LABEL_2,0.5594393014907837
FREE STARS: Children of Infinity,9,LABEL_1,0.4328880310058594
FREE STARS: Children of Infinity,10,LABEL_2,0.6250171065330505
FREE STARS: Children of Infinity,11,LABEL_2,0.9052033424377441
FREE STARS: Children of Infinity,12,LABEL_2,0.5395289659500122
FREE STARS: Children of Infinity,13,LABEL_2,0.8847900629043579
FREE STARS: Children of Infinity,14,LABEL_2,0.8732725381851196
FREE STARS: Children of Infinity,15,LABEL_2,0.38385504484176636
FREE STARS: Children of Infinity,16,LABEL_2,0.7825616598129272
FREE STARS: Children of Infinity,17,LABEL_2,0.8368743658065796
FREE STARS: Children of Infinity,18,LABEL_1,0.5278987884521484
FREE STARS: Children of Infinity,19,LABEL_2,0.6850690841674805
FREE STARS: Children of Infinity,20,LABEL_2,0.9668144583702087
FREE STARS: Children of Infinity,21,LABEL_2,0.9815205931663513
FREE STARS: Children of Infinity,22,LABEL_2,0.7301958203315735
FREE STARS: Children of Infinity,23,LABEL_2,0.6803264617919922
FREE STARS: Children of Infinity,24,LABEL_2,0.9457035660743713
FREE STARS: Children of Infinity,25,LABEL_2,0.4817039966583252
FREE STARS: Children of Infinity,26,LABEL_2,0.9376027584075928
FREE STARS: Children of Infinity,27,LABEL_2,0.9074903130531311
FREE STARS: Children of Infinity,28,LABEL_2,0.9135667085647583
FREE STARS: Children of Infinity,29,LABEL_2,0.7701022028923035
FREE STARS: Children of Infinity,30,LABEL_2,0.7635318636894226
FREE STARS: Children of Infinity,31,LABEL_1,0.4440615177154541
FREE STARS: Children of Infinity,32,LABEL_2,0.8672701120376587
FREE STARS: Children of Infinity,33,LABEL_2,0.9512253403663635
FREE STARS: Children of Infinity,34,LABEL_2,0.6367818117141724
FREE STARS: Children of Infinity,35,LABEL_2,0.8461503982543945
FREE STARS: Children of Infinity,36,LABEL_2,0.7498714327812195
FREE STARS: Children of Infinity,37,LABEL_2,0.6563059091567993
FREE STARS: Children of Infinity,38,LABEL_1,0.4637851417064667
FREE STARS: Children of Infinity,39,LABEL_2,0.7580589652061462
FREE STARS: Children of Infinity,40,LABEL_2,0.8506497144699097
FREE STARS: Children of Infinity,41,LABEL_2,0.9366829991340637
FREE STARS: Children of Infinity,42,LABEL_2,0.9004808664321899
FREE STARS: Children of Infinity,43,LABEL_2,0.5857259035110474
FREE STARS: Children of Infinity,44,LABEL_2,0.8605390787124634
FREE STARS: Children of Infinity,45,LABEL_2,0.8397173285484314
FREE STARS: Children of Infinity,46,LABEL_2,0.7693235874176025
FREE STARS: Children of Infinity,47,LABEL_2,0.9258581399917603
FREE STARS: Children of Infinity,48,LABEL_2,0.861067533493042
FREE STARS: Children of Infinity,49,LABEL_2,0.9348579049110413
FREE STARS: Children of Infinity,50,LABEL_2,0.856672465801239
FREE STARS: Children of Infinity,51,LABEL_2,0.529166579246521
FREE STARS: Children of Infinity,52,LABEL_2,0.7702246308326721
FREE STARS: Children of Infinity,53,LABEL_2,0.8089885711669922
Earth: Abundance Expansion,1,LABEL_1,0.5899734497070312
Earth: Abundance Expansion,2,LABEL_1,0.5159205198287964
Earth: Abundance Expansion,3,LABEL_1,0.5784371495246887
Earth: Abundance Expansion,4,LABEL_1,0.5116990208625793
Earth: Abundance Expansion,5,LABEL_2,0.87168288230896
Earth: Abundance Expansion,6,LABEL_2,0.5350308418273926
Earth: Abundance Expansion,7,LABEL_1,0.5181059241294861
Earth: Abundance Expansion,8,LABEL_2,0.8101979494094849
Earth: Abundance Expansion,9,LABEL_2,0.4658501148223877
Earth: Abundance Expansion,10,LABEL_1,0.48589760065078735
Earth: Abundance Expansion,11,LABEL_2,0.930352509021759
Earth: Abundance Expansion,12,LABEL_1,0.6329271197319031
Earth: Abundance Expansion,13,LABEL_1,0.5018286108970642
Earth: Abundance Expansion,14,LABEL_2,0.5901838541030884
Earth: Abundance Expansion,15,LABEL_1,0.46053004264831543
Earth: Abundance Expansion,16,LABEL_1,0.6444028615951538
Earth: Abundance Expansion,17,LABEL_2,0.8818944096565247
Earth: Abundance Expansion,18,LABEL_2,0.5148869156837463
Earth: Abundance Expansion,19,LABEL_1,0.5902348756790161
Earth: Abundance Expansion,20,LABEL_1,0.6084532737731934
Earth: Abundance Expansion,21,LABEL_0,0.49929526448249817
Earth: Abundance Expansion,22,LABEL_1,0.4532148540019989
Earth: Abundance Expansion,23,LABEL_1,0.5372254848480225
Earth: Abundance Expansion,24,LABEL_1,0.4952003061771393
Earth: Abundance Expansion,25,LABEL_1,0.4685679078102112
Earth: Abundance Expansion,26,LABEL_1,0.6115977168083191
Earth: Abundance Expansion,27,LABEL_1,0.6007653474807739
Earth: Abundance Expansion,28,LABEL_1,0.6322482228279114
Earth: Abundance Expansion,29,LABEL_1,0.6083884239196777
Earth: Abundance Expansion,30,LABEL_1,0.4632607400417328
Earth: Abundance Expansion,31,LABEL_1,0.6207132339477539
Earth: Abundance Expansion,32,LABEL_2,0.8183844685554504
Earth: Abundance Expansion,33,LABEL_2,0.820466935634613
Earth: Abundance Expansion,34,LABEL_1,0.4873915910720825
Earth: Abundance Expansion,35,LABEL_2,0.7102733850479126
Earth: Abundance Expansion,36,LABEL_1,0.5659593939781189
Earth: Abundance Expansion,37,LABEL_1,0.5560558438301086
Earth: Abundance Expansion,38,LABEL_1,0.48423197865486145
Earth: Abundance Expansion,39,LABEL_2,0.6597890257835388
Earth: Abundance Expansion,40,LABEL_2,0.6700058579444885
Earth: Abundance Expansion,41,LABEL_2,0.8200653791427612
Earth: Abundance Expansion,42,LABEL_1,0.5690439343452454
Earth: Abundance Expansion,43,LABEL_1,0.46288251876831055
Earth: Abundance Expansion,44,LABEL_0,0.5336677432060242
Earth: Abundance Expansion,45,LABEL_2,0.7810027003288269
Earth: Abundance Expansion,46,LABEL_2,0.6238731741905212
Earth: Abundance Expansion,47,LABEL_1,0.5744269490242004
Earth: Abundance Expansion,48,LABEL_1,0.6462189555168152
Earth: Abundance Expansion,49,LABEL_0,0.5130480527877808
Earth: Abundance Expansion,50,LABEL_2,0.5630936622619629
Earth: Abundance Expansion,51,LABEL_2,0.8158473968505859
Earth: Abundance Expansion,52,LABEL_1,0.5408754944801331
Earth: Abundance Expansion,53,LABEL_1,0.4391510486602783
Earth: Abundance Expansion,54,LABEL_2,0.551731288433075
Earth: Abundance Expansion,55,LABEL_2,0.6675420999526978
Earth: Abundance Expansion,56,LABEL_1,0.5646811723709106
Earth: Abundance Expansion,57,LABEL_2,0.6048240065574646
Earth: Abundance Expansion,58,LABEL_1,0.5720704197883606
Earth: Abundance Expansion,59,LABEL_1,0.5013490319252014
Earth: Abundance Expansion,60,LABEL_1,0.4855550229549408
Earth: Abundance Expansion,61,LABEL_1,0.5112791061401367
Earth: Abundance Expansion,62,LABEL_0,0.55126953125
Earth: Abundance Expansion,63,LABEL_1,0.6513580679893494
Earth: Abundance Expansion,64,LABEL_1,0.4955839514732361
Earth: Abundance Expansion,65,LABEL_1,0.4270789623260498
Earth: Abundance Expansion,66,LABEL_1,0.6753882765769958
Earth: Abundance Expansion,67,LABEL_2,0.7025975584983826
Earth: Abundance Expansion,68,LABEL_1,0.5259034633636475
Earth: Abundance Expansion,69,LABEL_0,0.6684607267379761
Earth: Abundance Expansion,70,LABEL_0,0.469870388507843
Earth: Abundance Expansion,71,LABEL_1,0.5067964196205139
Earth: Abundance Expansion,72,LABEL_2,0.7028239369392395
Earth: Abundance Expansion,73,LABEL_0,0.4742211103439331
Earth: Abundance Expansion,74,LABEL_1,0.4327068328857422
Earth: Abundance Expansion,75,LABEL_0,0.5307015776634216
Earth: Abundance Expansion,76,LABEL_1,0.5062724947929382
Earth: Abundance Expansion,77,LABEL_1,0.6392979621887207
Earth: Abundance Expansion,78,LABEL_1,0.6894058585166931
Earth: Abundance Expansion,79,LABEL_1,0.5220950245857239
Earth: Abundance Expansion,80,LABEL_2,0.8194260001182556
Earth: Abundance Expansion,81,LABEL_2,0.5995534658432007
Earth: Abundance Expansion,82,LABEL_2,0.8413002490997314
Earth: Abundance Expansion,83,LABEL_2,0.860053300857544
Earth: Abundance Expansion,84,LABEL_1,0.5986469984054565
Earth: Abundance Expansion,85,LABEL_2,0.850475549697876
Earth: Abundance Expansion,86,LABEL_1,0.5697411298751831
Earth: Abundance Expansion,87,LABEL_2,0.8034791350364685
Earth: Abundance Expansion,88,LABEL_2,0.692309558391571
Earth: Abundance Expansion,89,LABEL_1,0.5917808413505554
Earth: Abundance Expansion,90,LABEL_2,0.4700363576412201
Earth: Abundance Expansion,91,LABEL_1,0.6368427872657776
Earth: Abundance Expansion,92,LABEL_2,0.8497090935707092
Earth: Abundance Expansion,93,LABEL_1,0.4424811005592346
Earth: Abundance Expansion,94,LABEL_1,0.5801049470901489
Earth: Abundance Expansion,95,LABEL_1,0.4491446018218994
Earth: Abundance Expansion,96,LABEL_1,0.5824466347694397
Earth: Abundance Expansion,97,LABEL_1,0.47050994634628296
Earth: Abundance Expansion,98,LABEL_2,0.5929107666015625
Earth: Abundance Expansion,99,LABEL_1,0.6259784698486328
Earth: Abundance Expansion,100,LABEL_1,0.6052353382110596
Earth: Abundance Expansion,101,LABEL_1,0.5087198615074158
Earth: Abundance Expansion,102,LABEL_1,0.461876779794693
Earth: Abundance Expansion,103,LABEL_2,0.4436908960342407
Earth: Abundance Expansion,104,LABEL_1,0.5532536506652832
Earth: Abundance Expansion,105,LABEL_2,0.6331657767295837
Earth: Abundance Expansion,106,LABEL_1,0.5542365312576294
Earth: Abundance Expansion,107,LABEL_1,0.5971886515617371
Earth: Abundance Expansion,108,LABEL_2,0.546228289604187
Earth: Abundance Expansion,109,LABEL_1,0.4834308922290802
Earth: Abundance Expansion,110,LABEL_1,0.540701687335968
Earth: Abundance Expansion,111,LABEL_2,0.5151709914207458
Earth: Abundance Expansion,112,LABEL_2,0.6444042325019836
Earth: Abundance Expansion,113,LABEL_1,0.5549298524856567
Earth: Abundance Expansion,114,LABEL_1,0.5749768018722534
Earth: Abundance Expansion,115,LABEL_2,0.6333059072494507
Earth: Abundance Expansion,116,LABEL_2,0.6284811496734619
Earth: Abundance Expansion,117,LABEL_2,0.5506294369697571
Earth: Abundance Expansion,118,LABEL_1,0.47066712379455566
Earth: Abundance Expansion,119,LABEL_1,0.6377956867218018
Earth: Abundance Expansion,120,LABEL_1,0.6416654586791992
Earth: Abundance Expansion,121,LABEL_2,0.810920238494873
Earth: Abundance Expansion,122,LABEL_1,0.5362046360969543
Earth: Abundance Expansion,123,LABEL_1,0.5661725401878357
Earth: Abundance Expansion,124,LABEL_2,0.6112381815910339
Bloomchasers: Delightful 3D Tree Game of Flowers and Wits,1,LABEL_1,0.6038364768028259
Bloomchasers: Delightful 3D Tree Game of Flowers and Wits,2,LABEL_1,0.5783554315567017
Bloomchasers: Delightful 3D Tree Game of Flowers and Wits,3,LABEL_1,0.46582457423210144
Bloomchasers: Delightful 3D Tree Game of Flowers and Wits,4,LABEL_2,0.6634793281555176
Bloomchasers: Delightful 3D Tree Game of Flowers and Wits,5,LABEL_1,0.565552294254303
Bloomchasers: Delightful 3D Tree Game of Flowers and Wits,6,LABEL_2,0.8158423900604248
Bloomchasers: Delightful 3D Tree Game of Flowers and Wits,7,LABEL_2,0.7849655151367188
Bloomchasers: Delightful 3D Tree Game of Flowers and Wits,8,LABEL_2,0.8260082006454468
Bloomchasers: Delightful 3D Tree Game of Flowers and Wits,9,LABEL_2,0.8039029240608215
Bloomchasers: Delightful 3D Tree Game of Flowers and Wits,10,LABEL_1,0.6048564910888672
Bloomchasers: Delightful 3D Tree Game of Flowers and Wits,11,LABEL_1,0.6401289701461792
Bloomchasers: Delightful 3D Tree Game of Flowers and Wits,12,LABEL_2,0.6787900924682617
Bloomchasers: Delightful 3D Tree Game of Flowers and Wits,13,LABEL_1,0.5389934778213501
Bloomchasers: Delightful 3D Tree Game of Flowers and Wits,14,LABEL_2,0.9339268207550049
Bloomchasers: Delightful 3D Tree Game of Flowers and Wits,15,LABEL_2,0.9136343598365784
Bloomchasers: Delightful 3D Tree Game of Flowers and Wits,16,LABEL_2,0.9255238175392151
Bloomchasers: Delightful 3D Tree Game of Flowers and Wits,17,LABEL_2,0.688788652420044
Bloomchasers: Delightful 3D Tree Game of Flowers and Wits,18,LABEL_2,0.9364227652549744
Bloomchasers: Delightful 3D Tree Game of Flowers and Wits,19,LABEL_2,0.9717483520507812
Bloomchasers: Delightful 3D Tree Game of Flowers and Wits,20,LABEL_2,0.9928955435752869
Micro Midgard,1,LABEL_2,0.9413999915122986
Micro Midgard,2,LABEL_2,0.892297625541687
Micro Midgard,3,LABEL_1,0.43969452381134033
Micro Midgard,4,LABEL_2,0.8046174049377441
Micro Midgard,5,LABEL_2,0.9814751148223877
Kinfire Council,1,LABEL_1,0.4742498993873596
Kinfire Council,2,LABEL_2,0.7346668243408203
Kinfire Council,3,LABEL_2,0.9132516384124756
Kinfire Council,4,LABEL_1,0.4746844172477722
Kinfire Council,5,LABEL_1,0.5310306549072266
Kinfire Council,6,LABEL_1,0.598874032497406
Kinfire Council,7,LABEL_2,0.9568650126457214
Kinfire Council,8,LABEL_2,0.958159327507019
Kinfire Council,9,LABEL_2,0.5250913500785828
Kinfire Council,10,LABEL_1,0.5265806913375854
Kinfire Council,11,LABEL_2,0.7701398134231567
Kinfire Council,12,LABEL_2,0.48919805884361267
Kinfire Council,13,LABEL_1,0.6378467082977295
Kinfire Council,14,LABEL_1,0.46792811155319214
Kinfire Council,15,LABEL_1,0.447371244430542
Kinfire Council,16,LABEL_1,0.5919455885887146
Kinfire Council,17,LABEL_2,0.6248161792755127
Kinfire Council,18,LABEL_2,0.6437108516693115
Kinfire Council,19,LABEL_1,0.6096581816673279
Kinfire Council,20,LABEL_1,0.538292646408081
Kinfire Council,21,LABEL_2,0.4689019024372101
Kinfire Council,22,LABEL_0,0.5480196475982666
Kinfire Council,23,LABEL_1,0.45732465386390686
Kinfire Council,24,LABEL_2,0.6849650740623474
Kinfire Council,25,LABEL_2,0.8615912199020386
Kinfire Council,26,LABEL_2,0.8552159667015076
Kinfire Council,27,LABEL_2,0.49287915229797363
Kinfire Council,28,LABEL_2,0.9118968844413757
Kinfire Council,29,LABEL_2,0.6752480864524841
Kinfire Council,30,LABEL_2,0.7954063415527344
Kinfire Council,31,LABEL_1,0.4392905533313751
Kinfire Council,32,LABEL_1,0.5452147126197815
Kinfire Council,33,LABEL_1,0.4583054184913635
Kinfire Council,34,LABEL_1,0.5525909662246704
Kinfire Council,35,LABEL_1,0.6007801294326782
Kinfire Council,36,LABEL_1,0.482301265001297
Kinfire Council,37,LABEL_1,0.47611016035079956
Kinfire Council,38,LABEL_2,0.6174989342689514
Kinfire Council,39,LABEL_2,0.8699583411216736
Kinfire Council,40,LABEL_1,0.47194063663482666
Kinfire Council,41,LABEL_1,0.45270586013793945
Kinfire Council,42,LABEL_1,0.4783366918563843
Kinfire Council,43,LABEL_2,0.9050136804580688
Kinfire Council,44,LABEL_1,0.5344709157943726
Kinfire Council,45,LABEL_1,0.46629711985588074
Kinfire Council,46,LABEL_1,0.440049409866333
Kinfire Council,47,LABEL_2,0.43610814213752747
Kinfire Council,48,LABEL_1,0.506946861743927
Kinfire Council,49,LABEL_0,0.548137903213501
Kinfire Council,50,LABEL_1,0.4707784950733185
Kinfire Council,51,LABEL_1,0.4849396347999573
Kinfire Council,52,LABEL_2,0.7033891081809998
Kinfire Council,53,LABEL_2,0.5931082963943481
Kinfire Council,54,LABEL_2,0.9140529036521912
Kinfire Council,55,LABEL_1,0.5889440178871155
Kinfire Council,56,LABEL_2,0.8658674955368042
Kinfire Council,57,LABEL_1,0.47104761004447937
Kinfire Council,58,LABEL_2,0.8863224983215332
One Card Maze Season 2,1,LABEL_2,0.515587568283081
One Card Maze Season 2,2,LABEL_2,0.9721746444702148
One Card Maze Season 2,3,LABEL_2,0.9709178805351257
One Card Maze Season 2,4,LABEL_2,0.9452729225158691
One Card Maze Season 2,5,LABEL_2,0.9035882353782654
Runa - turn-based fantasy game inspired by JRPG classics,1,LABEL_1,0.5317499041557312
Runa - turn-based fantasy game inspired by JRPG classics,2,LABEL_1,0.6014007925987244
Runa - turn-based fantasy game inspired by JRPG classics,3,LABEL_2,0.5480388402938843
Runa - turn-based fantasy game inspired by JRPG classics,4,LABEL_1,0.5484119653701782
Runa - turn-based fantasy game inspired by JRPG classics,5,LABEL_2,0.6412380337715149
Runa - turn-based fantasy game inspired by JRPG classics,6,LABEL_2,0.5824314951896667
Runa - turn-based fantasy game inspired by JRPG classics,7,LABEL_2,0.9152793884277344
Runa - turn-based fantasy game inspired by JRPG classics,8,LABEL_2,0.9493247866630554
Runa - turn-based fantasy game inspired by JRPG classics,9,LABEL_2,0.6194555163383484
Runa - turn-based fantasy game inspired by JRPG classics,10,LABEL_1,0.6721422076225281
Runa - turn-based fantasy game inspired by JRPG classics,11,LABEL_1,0.5042263865470886
Runa - turn-based fantasy game inspired by JRPG classics,12,LABEL_2,0.5345402359962463
Runa - turn-based fantasy game inspired by JRPG classics,13,LABEL_1,0.5035257935523987
Runa - turn-based fantasy game inspired by JRPG classics,14,LABEL_2,0.7379834651947021
Runa - turn-based fantasy game inspired by JRPG classics,15,LABEL_2,0.9625443816184998
Runa - turn-based fantasy game inspired by JRPG classics,16,LABEL_1,0.4605943560600281
Runa - turn-based fantasy game inspired by JRPG classics,17,LABEL_2,0.8736687898635864
Runa - turn-based fantasy game inspired by JRPG classics,18,LABEL_2,0.6582388877868652
Runa - turn-based fantasy game inspired by JRPG classics,19,LABEL_2,0.7453728318214417
Runa - turn-based fantasy game inspired by JRPG classics,20,LABEL_2,0.5879735350608826
Runa - turn-based fantasy game inspired by JRPG classics,21,LABEL_2,0.8737601041793823
Runa - turn-based fantasy game inspired by JRPG classics,22,LABEL_2,0.9124740958213806
Runa - turn-based fantasy game inspired by JRPG classics,23,LABEL_2,0.9517654180526733
Runa - turn-based fantasy game inspired by JRPG classics,24,LABEL_2,0.9283304810523987
Runa - turn-based fantasy game inspired by JRPG classics,25,LABEL_2,0.7338382005691528
Runa - turn-based fantasy game inspired by JRPG classics,26,LABEL_2,0.5495689511299133
Runa - turn-based fantasy game inspired by JRPG classics,27,LABEL_2,0.7615124583244324
Runa - turn-based fantasy game inspired by JRPG classics,28,LABEL_2,0.9572596549987793
Runa - turn-based fantasy game inspired by JRPG classics,29,LABEL_2,0.7706485390663147
Runa - turn-based fantasy game inspired by JRPG classics,30,LABEL_2,0.8034969568252563
Runa - turn-based fantasy game inspired by JRPG classics,31,LABEL_2,0.9796513915061951
Runa - turn-based fantasy game inspired by JRPG classics,32,LABEL_2,0.9194652438163757
Runa - turn-based fantasy game inspired by JRPG classics,33,LABEL_2,0.7748398184776306
Runa - turn-based fantasy game inspired by JRPG classics,34,LABEL_2,0.9686598777770996
Runa - turn-based fantasy game inspired by JRPG classics,35,LABEL_2,0.9770620465278625
Runa - turn-based fantasy game inspired by JRPG classics,36,LABEL_2,0.9760884046554565
Corps of Discovery,1,LABEL_2,0.8090423941612244
Corps of Discovery,2,LABEL_1,0.5833719372749329
Corps of Discovery,3,LABEL_1,0.5264093279838562
Corps of Discovery,4,LABEL_1,0.5399389863014221
Corps of Discovery,5,LABEL_2,0.7436899542808533
Corps of Discovery,6,LABEL_2,0.7085040807723999
Corps of Discovery,7,LABEL_1,0.5860057473182678
Corps of Discovery,8,LABEL_1,0.6273698210716248
Corps of Discovery,9,LABEL_2,0.7085261344909668
Corps of Discovery,10,LABEL_1,0.4927915334701538
Corps of Discovery,11,LABEL_1,0.4746536910533905
Corps of Discovery,12,LABEL_2,0.7450739741325378
Corps of Discovery,13,LABEL_2,0.7342116236686707
Corps of Discovery,14,LABEL_1,0.6242446303367615
Corps of Discovery,15,LABEL_2,0.9130669236183167
Corps of Discovery,16,LABEL_2,0.689346194267273
Corps of Discovery,17,LABEL_2,0.8758798837661743
Corps of Discovery,18,LABEL_1,0.5467267632484436
Corps of Discovery,19,LABEL_1,0.6584721207618713
Corps of Discovery,20,LABEL_2,0.6285046339035034
Corps of Discovery,21,LABEL_2,0.73856121301651
Corps of Discovery,22,LABEL_1,0.5340627431869507
Corps of Discovery,23,LABEL_1,0.506222128868103
Corps of Discovery,24,LABEL_1,0.47892799973487854
Corps of Discovery,25,LABEL_2,0.8779153823852539
Corps of Discovery,26,LABEL_2,0.5082716345787048
Corps of Discovery,27,LABEL_2,0.5014737844467163
Corps of Discovery,28,LABEL_1,0.5231091380119324
Corps of Discovery,29,LABEL_1,0.5753297805786133
Corps of Discovery,30,LABEL_2,0.8788777589797974
Corps of Discovery,31,LABEL_1,0.48140427470207214
Corps of Discovery,32,LABEL_0,0.5844593048095703
Corps of Discovery,33,LABEL_1,0.5322655439376831
Corps of Discovery,34,LABEL_1,0.4923587739467621
Corps of Discovery,35,LABEL_2,0.6463032960891724
Corps of Discovery,36,LABEL_2,0.7202003002166748
Corps of Discovery,37,LABEL_1,0.5207674503326416
Corps of Discovery,38,LABEL_2,0.6305146813392639
Corps of Discovery,39,LABEL_2,0.7435235381126404
Corps of Discovery,40,LABEL_2,0.921944797039032
Corps of Discovery,41,LABEL_2,0.7965580821037292
Corps of Discovery,42,LABEL_2,0.8926233053207397
Corps of Discovery,43,LABEL_1,0.5300049185752869
Corps of Discovery,44,LABEL_0,0.471775084733963
Corps of Discovery,45,LABEL_1,0.49994730949401855
Corps of Discovery,46,LABEL_2,0.5886515974998474
Corps of Discovery,47,LABEL_2,0.6658814549446106
Corps of Discovery,48,LABEL_2,0.6657066345214844
Corps of Discovery,49,LABEL_2,0.9598715305328369
Corps of Discovery,50,LABEL_2,0.5585127472877502
Corps of Discovery,51,LABEL_1,0.6222977042198181
Corps of Discovery,52,LABEL_2,0.9884939789772034
Corps of Discovery,53,LABEL_2,0.860226035118103
Corps of Discovery,54,LABEL_1,0.481653094291687
Corps of Discovery,55,LABEL_1,0.5683444738388062
Corps of Discovery,56,LABEL_1,0.5537937879562378
Corps of Discovery,57,LABEL_2,0.523435115814209
Corps of Discovery,58,LABEL_1,0.5907575488090515
Corps of Discovery,59,LABEL_1,0.48126164078712463
Corps of Discovery,60,LABEL_1,0.5104390978813171
Corps of Discovery,61,LABEL_1,0.5431687235832214
Corps of Discovery,62,LABEL_1,0.5970996022224426
Corps of Discovery,63,LABEL_1,0.5557219386100769
Corps of Discovery,64,LABEL_1,0.5710004568099976
Corps of Discovery,65,LABEL_2,0.6377179026603699
Corps of Discovery,66,LABEL_1,0.5703954100608826
Corps of Discovery,67,LABEL_2,0.5516654849052429
Corps of Discovery,68,LABEL_2,0.9651052355766296
Corps of Discovery,69,LABEL_2,0.5137260556221008
Corps of Discovery,70,LABEL_1,0.48925942182540894
Corps of Discovery,71,LABEL_1,0.542795717716217
Corps of Discovery,72,LABEL_2,0.6260330080986023
Corps of Discovery,73,LABEL_1,0.5631524324417114
Corps of Discovery,74,LABEL_1,0.695054829120636
Corps of Discovery,75,LABEL_2,0.6591910123825073
Corps of Discovery,76,LABEL_1,0.6331868767738342
Corps of Discovery,77,LABEL_2,0.8006128668785095
Corps of Discovery,78,LABEL_1,0.5078739523887634
Corps of Discovery,79,LABEL_1,0.458041250705719
Corps of Discovery,80,LABEL_1,0.4819742739200592
Corps of Discovery,81,LABEL_2,0.7504199147224426
Corps of Discovery,82,LABEL_1,0.5224059224128723
Corps of Discovery,83,LABEL_1,0.5723280906677246
Corps of Discovery,84,LABEL_2,0.5800856947898865
Corps of Discovery,85,LABEL_2,0.7883824706077576
Corps of Discovery,86,LABEL_2,0.7289731502532959
Corps of Discovery,87,LABEL_1,0.51896733045578
Corps of Discovery,88,LABEL_2,0.6924033761024475
Corps of Discovery,89,LABEL_2,0.8080673217773438
Corps of Discovery,90,LABEL_2,0.5430849194526672
Corps of Discovery,91,LABEL_1,0.5278855562210083
Corps of Discovery,92,LABEL_1,0.4523339867591858
Corps of Discovery,93,LABEL_2,0.5496761202812195
Corps of Discovery,94,LABEL_2,0.698175847530365
Corps of Discovery,95,LABEL_2,0.6649933457374573
Corps of Discovery,96,LABEL_1,0.6227411031723022
Corps of Discovery,97,LABEL_1,0.5657005906105042
Corps of Discovery,98,LABEL_1,0.42256277799606323
Corps of Discovery,99,LABEL_2,0.870871901512146
Corps of Discovery,100,LABEL_2,0.6244802474975586
Corps of Discovery,101,LABEL_1,0.5625626444816589
Corps of Discovery,102,LABEL_1,0.5596047043800354
Corps of Discovery,103,LABEL_2,0.6830398440361023
Corps of Discovery,104,LABEL_2,0.7590317130088806
Corps of Discovery,105,LABEL_2,0.6516221165657043
Corps of Discovery,106,LABEL_2,0.7337014079093933
Corps of Discovery,107,LABEL_1,0.49667516350746155
Corps of Discovery,108,LABEL_2,0.8984969854354858
Corps of Discovery,109,LABEL_1,0.6416546106338501
Corps of Discovery,110,LABEL_2,0.7832794189453125
Corps of Discovery,111,LABEL_2,0.7952657341957092
Corps of Discovery,112,LABEL_2,0.7464435696601868
Corps of Discovery,113,LABEL_2,0.5973966717720032
Corps of Discovery,114,LABEL_2,0.5590720772743225
Corps of Discovery,115,LABEL_2,0.8310965895652771
Corps of Discovery,116,LABEL_1,0.484613299369812
Corps of Discovery,117,LABEL_2,0.7015036940574646
Corps of Discovery,118,LABEL_2,0.6152251958847046
Corps of Discovery,119,LABEL_2,0.806239128112793
Corps of Discovery,120,LABEL_2,0.8911647796630859
Corps of Discovery,121,LABEL_2,0.6108978986740112
Corps of Discovery,122,LABEL_2,0.5282920598983765
Corps of Discovery,123,LABEL_1,0.4871305823326111
Corps of Discovery,124,LABEL_2,0.8141282200813293
Corps of Discovery,125,LABEL_2,0.5932773351669312
Corps of Discovery,126,LABEL_2,0.7807827591896057
Corps of Discovery,127,LABEL_2,0.9766800403594971
Corps of Discovery,128,LABEL_2,0.9087377190589905
Corps of Discovery,129,LABEL_1,0.5506380796432495
Corps of Discovery,130,LABEL_2,0.642646074295044
Corps of Discovery,131,LABEL_2,0.4771643877029419
Corps of Discovery,132,LABEL_2,0.4959124028682709
Corps of Discovery,133,LABEL_2,0.8934312462806702
Corps of Discovery,134,LABEL_1,0.5137642025947571
Corps of Discovery,135,LABEL_2,0.617767333984375
Corps of Discovery,136,LABEL_2,0.8898694515228271
Corps of Discovery,137,LABEL_2,0.8663823008537292
Corps of Discovery,138,LABEL_2,0.8975507616996765
Corps of Discovery,139,LABEL_2,0.9558917880058289
Corps of Discovery,140,LABEL_2,0.9845060706138611
Neon Reign,1,LABEL_2,0.9137043356895447
Neon Reign,2,LABEL_2,0.963799238204956
Neon Reign,3,LABEL_2,0.9108080863952637
Neon Reign,4,LABEL_2,0.9707165360450745
Neon Reign,5,LABEL_2,0.9209125638008118
Neon Reign,6,LABEL_2,0.9508621096611023
Neon Reign,7,LABEL_2,0.8793187737464905
Euthia: Cruel Frost,1,LABEL_2,0.752090573310852
Euthia: Cruel Frost,2,LABEL_2,0.6453917026519775
Euthia: Cruel Frost,3,LABEL_0,0.49978795647621155
Euthia: Cruel Frost,4,LABEL_1,0.5841104984283447
Euthia: Cruel Frost,5,LABEL_2,0.5848841071128845
Euthia: Cruel Frost,6,LABEL_2,0.9548960328102112
Euthia: Cruel Frost,7,LABEL_0,0.5693910121917725
Euthia: Cruel Frost,8,LABEL_2,0.5354505181312561
Euthia: Cruel Frost,9,LABEL_0,0.44877493381500244
Euthia: Cruel Frost,10,LABEL_2,0.7204431295394897
Euthia: Cruel Frost,11,LABEL_1,0.4959549605846405
Euthia: Cruel Frost,12,LABEL_1,0.6660749316215515
Euthia: Cruel Frost,13,LABEL_2,0.4738970398902893
Euthia: Cruel Frost,14,LABEL_2,0.5800296664237976
Euthia: Cruel Frost,15,LABEL_1,0.46248191595077515
Euthia: Cruel Frost,16,LABEL_2,0.516927182674408
Euthia: Cruel Frost,17,LABEL_2,0.7942314147949219
Euthia: Cruel Frost,18,LABEL_2,0.6510425209999084
Euthia: Cruel Frost,19,LABEL_1,0.4918760657310486
Euthia: Cruel Frost,20,LABEL_2,0.7878099083900452
Euthia: Cruel Frost,21,LABEL_1,0.5849030613899231
Euthia: Cruel Frost,22,LABEL_2,0.6734226942062378
Euthia: Cruel Frost,23,LABEL_1,0.5271185040473938
Euthia: Cruel Frost,24,LABEL_1,0.5448510050773621
Euthia: Cruel Frost,25,LABEL_2,0.5639227032661438
Euthia: Cruel Frost,26,LABEL_2,0.7573575973510742
Euthia: Cruel Frost,27,LABEL_1,0.5455721616744995
Euthia: Cruel Frost,28,LABEL_1,0.5410058498382568
Euthia: Cruel Frost,29,LABEL_1,0.5180041193962097
Euthia: Cruel Frost,30,LABEL_2,0.5446743369102478
Euthia: Cruel Frost,31,LABEL_0,0.45851293206214905
Euthia: Cruel Frost,32,LABEL_2,0.8256146311759949
Euthia: Cruel Frost,33,LABEL_2,0.7419762015342712
Euthia: Cruel Frost,34,LABEL_2,0.9167414903640747
Euthia: Cruel Frost,35,LABEL_2,0.510456383228302
Euthia: Cruel Frost,36,LABEL_2,0.5728669762611389
Euthia: Cruel Frost,37,LABEL_2,0.6144207715988159
Euthia: Cruel Frost,38,LABEL_1,0.6535384654998779
Euthia: Cruel Frost,39,LABEL_2,0.8370514512062073
Euthia: Cruel Frost,40,LABEL_1,0.5188707709312439
Euthia: Cruel Frost,41,LABEL_2,0.7487409710884094
Euthia: Cruel Frost,42,LABEL_2,0.7916435599327087
Euthia: Cruel Frost,43,LABEL_1,0.4248344600200653
Euthia: Cruel Frost,44,LABEL_2,0.7477620244026184
Euthia: Cruel Frost,45,LABEL_2,0.9527472257614136
Euthia: Cruel Frost,46,LABEL_2,0.5548028945922852
Euthia: Cruel Frost,47,LABEL_2,0.5454094409942627
Euthia: Cruel Frost,48,LABEL_2,0.6945953369140625
Euthia: Cruel Frost,49,LABEL_1,0.47892090678215027
Euthia: Cruel Frost,50,LABEL_2,0.8355143070220947
Euthia: Cruel Frost,51,LABEL_1,0.4227525591850281
Euthia: Cruel Frost,52,LABEL_1,0.500810444355011
Euthia: Cruel Frost,53,LABEL_1,0.5963020324707031
Euthia: Cruel Frost,54,LABEL_2,0.5333203077316284
Euthia: Cruel Frost,55,LABEL_2,0.9229661822319031
Euthia: Cruel Frost,56,LABEL_2,0.8833218216896057
Euthia: Cruel Frost,57,LABEL_1,0.5554133057594299
Dark Cities | Deluxe Editions,1,LABEL_2,0.49146825075149536
Dark Cities | Deluxe Editions,2,LABEL_2,0.9048188328742981
Dark Cities | Deluxe Editions,3,LABEL_1,0.5291694402694702
Dark Cities | Deluxe Editions,4,LABEL_2,0.9509075880050659
Dark Cities | Deluxe Editions,5,LABEL_1,0.5418441295623779
Dark Cities | Deluxe Editions,6,LABEL_2,0.880145788192749
Dark Cities | Deluxe Editions,7,LABEL_2,0.8312587141990662
Dark Cities | Deluxe Editions,8,LABEL_1,0.5533236861228943
Dark Cities | Deluxe Editions,9,LABEL_1,0.4921853840351105
Dark Cities | Deluxe Editions,10,LABEL_2,0.5998727083206177
Dark Cities | Deluxe Editions,11,LABEL_2,0.711943507194519
Dark Cities | Deluxe Editions,12,LABEL_2,0.9482017159461975
Dark Cities | Deluxe Editions,13,LABEL_2,0.7439103722572327
Dark Cities | Deluxe Editions,14,LABEL_0,0.4742301106452942
Dark Cities | Deluxe Editions,15,LABEL_2,0.675683856010437
Dark Cities | Deluxe Editions,16,LABEL_1,0.5307085514068604
Dark Cities | Deluxe Editions,17,LABEL_2,0.6674184799194336
Dark Cities | Deluxe Editions,18,LABEL_2,0.678209125995636
Dark Cities | Deluxe Editions,19,LABEL_2,0.7813323736190796
Dark Cities | Deluxe Editions,20,LABEL_1,0.5241526961326599
Dark Cities | Deluxe Editions,21,LABEL_2,0.9703248739242554
Dark Cities | Deluxe Editions,22,LABEL_2,0.45249420404434204
Dark Cities | Deluxe Editions,23,LABEL_1,0.4943171739578247
Dark Cities | Deluxe Editions,24,LABEL_2,0.9529956579208374
Dark Cities | Deluxe Editions,25,LABEL_2,0.842444896697998
MikoVerse | A Next-Gen Multiplayer Sandbox Game,1,LABEL_2,0.9704084992408752
MikoVerse | A Next-Gen Multiplayer Sandbox Game,2,LABEL_2,0.9577314853668213
MikoVerse | A Next-Gen Multiplayer Sandbox Game,3,LABEL_2,0.9874663949012756
MikoVerse | A Next-Gen Multiplayer Sandbox Game,4,LABEL_2,0.99136883020401
MikoVerse | A Next-Gen Multiplayer Sandbox Game,5,LABEL_2,0.9842532277107239
MikoVerse | A Next-Gen Multiplayer Sandbox Game,6,LABEL_2,0.9903740882873535
MikoVerse | A Next-Gen Multiplayer Sandbox Game,7,LABEL_2,0.9845464825630188
MikoVerse | A Next-Gen Multiplayer Sandbox Game,8,LABEL_2,0.9637207388877869
MikoVerse | A Next-Gen Multiplayer Sandbox Game,9,LABEL_2,0.9717472195625305
MikoVerse | A Next-Gen Multiplayer Sandbox Game,10,LABEL_2,0.9879059791564941
MikoVerse | A Next-Gen Multiplayer Sandbox Game,11,LABEL_2,0.9861966967582703
MikoVerse | A Next-Gen Multiplayer Sandbox Game,12,LABEL_2,0.9802402853965759
MikoVerse | A Next-Gen Multiplayer Sandbox Game,13,LABEL_1,0.7605703473091125
Dnsys X1 Exoskeleton: Unleash Superhuman Powers,1,LABEL_2,0.8561813235282898
Dnsys X1 Exoskeleton: Unleash Superhuman Powers,2,LABEL_2,0.5335568785667419
Dnsys X1 Exoskeleton: Unleash Superhuman Powers,3,LABEL_2,0.599556028842926
Dnsys X1 Exoskeleton: Unleash Superhuman Powers,4,LABEL_2,0.6082537174224854
Dnsys X1 Exoskeleton: Unleash Superhuman Powers,5,LABEL_0,0.8180703520774841
Dnsys X1 Exoskeleton: Unleash Superhuman Powers,6,LABEL_0,0.6471920609474182
Dnsys X1 Exoskeleton: Unleash Superhuman Powers,7,LABEL_1,0.5456054210662842
Dnsys X1 Exoskeleton: Unleash Superhuman Powers,8,LABEL_1,0.4713738262653351
Dnsys X1 Exoskeleton: Unleash Superhuman Powers,9,LABEL_1,0.5468767881393433
Dnsys X1 Exoskeleton: Unleash Superhuman Powers,10,LABEL_2,0.6749376058578491
Dnsys X1 Exoskeleton: Unleash Superhuman Powers,11,LABEL_2,0.7637086510658264
Dnsys X1 Exoskeleton: Unleash Superhuman Powers,12,LABEL_2,0.5110653638839722
Dnsys X1 Exoskeleton: Unleash Superhuman Powers,13,LABEL_2,0.7342613935470581
Dnsys X1 Exoskeleton: Unleash Superhuman Powers,14,LABEL_1,0.5689759254455566
Dnsys X1 Exoskeleton: Unleash Superhuman Powers,15,LABEL_2,0.711624264717102
Dnsys X1 Exoskeleton: Unleash Superhuman Powers,16,LABEL_0,0.6000632047653198
Dnsys X1 Exoskeleton: Unleash Superhuman Powers,17,LABEL_1,0.5986827611923218
Dnsys X1 Exoskeleton: Unleash Superhuman Powers,18,LABEL_1,0.5310353636741638
Dnsys X1 Exoskeleton: Unleash Superhuman Powers,19,LABEL_1,0.5035862922668457
Dnsys X1 Exoskeleton: Unleash Superhuman Powers,20,LABEL_1,0.5252969264984131
Dnsys X1 Exoskeleton: Unleash Superhuman Powers,21,LABEL_2,0.6344274878501892
Dnsys X1 Exoskeleton: Unleash Superhuman Powers,22,LABEL_2,0.6544907093048096
Dnsys X1 Exoskeleton: Unleash Superhuman Powers,23,LABEL_0,0.6393054127693176
Dnsys X1 Exoskeleton: Unleash Superhuman Powers,24,LABEL_1,0.4416813850402832
Dnsys X1 Exoskeleton: Unleash Superhuman Powers,25,LABEL_0,0.4567315876483917
Dnsys X1 Exoskeleton: Unleash Superhuman Powers,26,LABEL_1,0.5609112977981567
Dnsys X1 Exoskeleton: Unleash Superhuman Powers,27,LABEL_1,0.5131115913391113
Dnsys X1 Exoskeleton: Unleash Superhuman Powers,28,LABEL_1,0.5138493776321411
Dnsys X1 Exoskeleton: Unleash Superhuman Powers,29,LABEL_1,0.5911493301391602
Dnsys X1 Exoskeleton: Unleash Superhuman Powers,30,LABEL_1,0.6304094195365906
Dnsys X1 Exoskeleton: Unleash Superhuman Powers,31,LABEL_2,0.6805034279823303
Dnsys X1 Exoskeleton: Unleash Superhuman Powers,32,LABEL_1,0.5970741510391235
Dnsys X1 Exoskeleton: Unleash Superhuman Powers,33,LABEL_1,0.6064069271087646
Dnsys X1 Exoskeleton: Unleash Superhuman Powers,34,LABEL_2,0.8179755806922913
Dnsys X1 Exoskeleton: Unleash Superhuman Powers,35,LABEL_2,0.8231381177902222
Dnsys X1 Exoskeleton: Unleash Superhuman Powers,36,LABEL_2,0.8882405757904053
Dnsys X1 Exoskeleton: Unleash Superhuman Powers,37,LABEL_2,0.9142494201660156
Dnsys X1 Exoskeleton: Unleash Superhuman Powers,38,LABEL_2,0.783927321434021
Dnsys X1 Exoskeleton: Unleash Superhuman Powers,39,LABEL_2,0.6960614323616028
Dnsys X1 Exoskeleton: Unleash Superhuman Powers,40,LABEL_1,0.5228198766708374
Dnsys X1 Exoskeleton: Unleash Superhuman Powers,41,LABEL_2,0.49021512269973755
Dnsys X1 Exoskeleton: Unleash Superhuman Powers,42,LABEL_2,0.6944088935852051
Dnsys X1 Exoskeleton: Unleash Superhuman Powers,43,LABEL_2,0.5566713213920593
Dnsys X1 Exoskeleton: Unleash Superhuman Powers,44,LABEL_1,0.5413796901702881
Dnsys X1 Exoskeleton: Unleash Superhuman Powers,45,LABEL_0,0.46799540519714355
Dnsys X1 Exoskeleton: Unleash Superhuman Powers,46,LABEL_2,0.781085193157196
WUBEN E1-The Ultimate EDC Phone Flashlight,1,LABEL_2,0.8555529713630676
WUBEN E1-The Ultimate EDC Phone Flashlight,2,LABEL_2,0.6188249588012695
WUBEN E1-The Ultimate EDC Phone Flashlight,3,LABEL_1,0.47842317819595337
WUBEN E1-The Ultimate EDC Phone Flashlight,4,LABEL_1,0.5619098544120789
WUBEN E1-The Ultimate EDC Phone Flashlight,5,LABEL_2,0.5331797003746033
WUBEN E1-The Ultimate EDC Phone Flashlight,6,LABEL_2,0.4878273606300354
WUBEN E1-The Ultimate EDC Phone Flashlight,7,LABEL_0,0.4734053313732147
WUBEN E1-The Ultimate EDC Phone Flashlight,8,LABEL_2,0.7857106924057007
"EASYPLAY 1s:Portable, Easy-to-Start Music Keyboard with MIDI",1,LABEL_2,0.7889577746391296
"EASYPLAY 1s:Portable, Easy-to-Start Music Keyboard with MIDI",2,LABEL_2,0.966144323348999
"EASYPLAY 1s:Portable, Easy-to-Start Music Keyboard with MIDI",3,LABEL_2,0.8806999325752258
"EASYPLAY 1s:Portable, Easy-to-Start Music Keyboard with MIDI",4,LABEL_2,0.8568041920661926
"EASYPLAY 1s:Portable, Easy-to-Start Music Keyboard with MIDI",5,LABEL_2,0.9707048535346985
"EASYPLAY 1s:Portable, Easy-to-Start Music Keyboard with MIDI",6,LABEL_2,0.9603604078292847
"EASYPLAY 1s:Portable, Easy-to-Start Music Keyboard with MIDI",7,LABEL_2,0.976414680480957
"EASYPLAY 1s:Portable, Easy-to-Start Music Keyboard with MIDI",8,LABEL_2,0.9394883513450623
"EASYPLAY 1s:Portable, Easy-to-Start Music Keyboard with MIDI",9,LABEL_2,0.9848436713218689
"EASYPLAY 1s:Portable, Easy-to-Start Music Keyboard with MIDI",10,LABEL_2,0.9706177115440369
"EASYPLAY 1s:Portable, Easy-to-Start Music Keyboard with MIDI",11,LABEL_2,0.9819824695587158
"EASYPLAY 1s:Portable, Easy-to-Start Music Keyboard with MIDI",12,LABEL_2,0.9858993887901306
"EASYPLAY 1s:Portable, Easy-to-Start Music Keyboard with MIDI",13,LABEL_2,0.991698145866394
"EASYPLAY 1s:Portable, Easy-to-Start Music Keyboard with MIDI",14,LABEL_2,0.9891936182975769
Carvera Air: A Smart and Versatile Desktop CNC,1,LABEL_2,0.890333354473114
Carvera Air: A Smart and Versatile Desktop CNC,2,LABEL_1,0.5114892721176147
Carvera Air: A Smart and Versatile Desktop CNC,3,LABEL_1,0.4929846525192261
Carvera Air: A Smart and Versatile Desktop CNC,4,LABEL_2,0.5766621232032776
Carvera Air: A Smart and Versatile Desktop CNC,5,LABEL_2,0.7430002689361572
Carvera Air: A Smart and Versatile Desktop CNC,6,LABEL_2,0.6550977826118469
Carvera Air: A Smart and Versatile Desktop CNC,7,LABEL_2,0.5994150638580322
Carvera Air: A Smart and Versatile Desktop CNC,8,LABEL_2,0.8743924498558044
Carvera Air: A Smart and Versatile Desktop CNC,9,LABEL_1,0.5391648411750793
Carvera Air: A Smart and Versatile Desktop CNC,10,LABEL_1,0.5312354564666748
Carvera Air: A Smart and Versatile Desktop CNC,11,LABEL_1,0.676800549030304
Carvera Air: A Smart and Versatile Desktop CNC,12,LABEL_1,0.4939216375350952
Carvera Air: A Smart and Versatile Desktop CNC,13,LABEL_1,0.5416467189788818
Carvera Air: A Smart and Versatile Desktop CNC,14,LABEL_2,0.45478126406669617
Carvera Air: A Smart and Versatile Desktop CNC,15,LABEL_0,0.47041743993759155
Carvera Air: A Smart and Versatile Desktop CNC,16,LABEL_0,0.6486203074455261
Carvera Air: A Smart and Versatile Desktop CNC,17,LABEL_1,0.5064019560813904
Carvera Air: A Smart and Versatile Desktop CNC,18,LABEL_1,0.514205813407898
Carvera Air: A Smart and Versatile Desktop CNC,19,LABEL_1,0.5654745697975159
Carvera Air: A Smart and Versatile Desktop CNC,20,LABEL_1,0.515697181224823
Carvera Air: A Smart and Versatile Desktop CNC,21,LABEL_1,0.5957249402999878
Carvera Air: A Smart and Versatile Desktop CNC,22,LABEL_2,0.5782315731048584
Carvera Air: A Smart and Versatile Desktop CNC,23,LABEL_1,0.49441221356391907
Carvera Air: A Smart and Versatile Desktop CNC,24,LABEL_1,0.576240599155426
Carvera Air: A Smart and Versatile Desktop CNC,25,LABEL_2,0.7346067428588867
Carvera Air: A Smart and Versatile Desktop CNC,26,LABEL_2,0.5588468313217163
Carvera Air: A Smart and Versatile Desktop CNC,27,LABEL_2,0.4744051396846771
Carvera Air: A Smart and Versatile Desktop CNC,28,LABEL_1,0.55884850025177
Carvera Air: A Smart and Versatile Desktop CNC,29,LABEL_1,0.530089795589447
Carvera Air: A Smart and Versatile Desktop CNC,30,LABEL_1,0.6421666741371155
Carvera Air: A Smart and Versatile Desktop CNC,31,LABEL_2,0.6400932669639587
Carvera Air: A Smart and Versatile Desktop CNC,32,LABEL_1,0.6570048332214355
Carvera Air: A Smart and Versatile Desktop CNC,33,LABEL_1,0.5008311867713928
Carvera Air: A Smart and Versatile Desktop CNC,34,LABEL_1,0.5873316526412964
Carvera Air: A Smart and Versatile Desktop CNC,35,LABEL_1,0.45414525270462036
Carvera Air: A Smart and Versatile Desktop CNC,36,LABEL_1,0.6217696666717529
Carvera Air: A Smart and Versatile Desktop CNC,37,LABEL_1,0.4841758608818054
Carvera Air: A Smart and Versatile Desktop CNC,38,LABEL_1,0.6700892448425293
Carvera Air: A Smart and Versatile Desktop CNC,39,LABEL_1,0.7615518569946289
Carvera Air: A Smart and Versatile Desktop CNC,40,LABEL_1,0.5346370339393616
Carvera Air: A Smart and Versatile Desktop CNC,41,LABEL_2,0.7753718495368958
Carvera Air: A Smart and Versatile Desktop CNC,42,LABEL_1,0.45546457171440125
Carvera Air: A Smart and Versatile Desktop CNC,43,LABEL_1,0.5272592306137085
Carvera Air: A Smart and Versatile Desktop CNC,44,LABEL_1,0.455196350812912
Carvera Air: A Smart and Versatile Desktop CNC,45,LABEL_2,0.5456640720367432
Carvera Air: A Smart and Versatile Desktop CNC,46,LABEL_2,0.4500052332878113
Carvera Air: A Smart and Versatile Desktop CNC,47,LABEL_2,0.4152321517467499
Carvera Air: A Smart and Versatile Desktop CNC,48,LABEL_1,0.41322630643844604
Carvera Air: A Smart and Versatile Desktop CNC,49,LABEL_2,0.7241231799125671
Carvera Air: A Smart and Versatile Desktop CNC,50,LABEL_2,0.5518239736557007
Carvera Air: A Smart and Versatile Desktop CNC,51,LABEL_2,0.8324733376502991
Excope DT1|The World's Lightest Super Telephoto Camera,1,LABEL_2,0.5661271214485168
Excope DT1|The World's Lightest Super Telephoto Camera,2,LABEL_2,0.9602524638175964
Excope DT1|The World's Lightest Super Telephoto Camera,3,LABEL_1,0.6150951981544495
Excope DT1|The World's Lightest Super Telephoto Camera,4,LABEL_1,0.5097742676734924
Excope DT1|The World's Lightest Super Telephoto Camera,5,LABEL_2,0.629758894443512
Excope DT1|The World's Lightest Super Telephoto Camera,6,LABEL_2,0.5426951050758362
Excope DT1|The World's Lightest Super Telephoto Camera,7,LABEL_2,0.6247826218605042
Excope DT1|The World's Lightest Super Telephoto Camera,8,LABEL_1,0.509259045124054
Excope DT1|The World's Lightest Super Telephoto Camera,9,LABEL_2,0.962082028388977
Excope DT1|The World's Lightest Super Telephoto Camera,10,LABEL_2,0.6741278767585754
Excope DT1|The World's Lightest Super Telephoto Camera,11,LABEL_2,0.8227100372314453
Excope DT1|The World's Lightest Super Telephoto Camera,12,LABEL_2,0.6565091013908386
Excope DT1|The World's Lightest Super Telephoto Camera,13,LABEL_2,0.904066801071167
Excope DT1|The World's Lightest Super Telephoto Camera,14,LABEL_2,0.8095373511314392
Excope DT1|The World's Lightest Super Telephoto Camera,15,LABEL_2,0.866026759147644
Excope DT1|The World's Lightest Super Telephoto Camera,16,LABEL_2,0.8584768176078796
Excope DT1|The World's Lightest Super Telephoto Camera,17,LABEL_2,0.9104024171829224
Excope DT1|The World's Lightest Super Telephoto Camera,18,LABEL_2,0.9824942946434021
Excope DT1|The World's Lightest Super Telephoto Camera,19,LABEL_2,0.9667710065841675
Excope DT1|The World's Lightest Super Telephoto Camera,20,LABEL_2,0.984599232673645
Excope DT1|The World's Lightest Super Telephoto Camera,21,LABEL_2,0.9122838973999023
Excope DT1|The World's Lightest Super Telephoto Camera,22,LABEL_2,0.7366253733634949
Excope DT1|The World's Lightest Super Telephoto Camera,23,LABEL_2,0.8428819179534912
Excope DT1|The World's Lightest Super Telephoto Camera,24,LABEL_2,0.5259345173835754
Excope DT1|The World's Lightest Super Telephoto Camera,25,LABEL_2,0.8813596367835999
Excope DT1|The World's Lightest Super Telephoto Camera,26,LABEL_2,0.8584375381469727
Excope DT1|The World's Lightest Super Telephoto Camera,27,LABEL_2,0.9822275042533875
Excope DT1|The World's Lightest Super Telephoto Camera,28,LABEL_2,0.8396151661872864
Excope DT1|The World's Lightest Super Telephoto Camera,29,LABEL_2,0.9497697949409485
Excope DT1|The World's Lightest Super Telephoto Camera,30,LABEL_1,0.5288515090942383
Excope DT1|The World's Lightest Super Telephoto Camera,31,LABEL_1,0.4947982728481293
Excope DT1|The World's Lightest Super Telephoto Camera,32,LABEL_1,0.617680549621582
Excope DT1|The World's Lightest Super Telephoto Camera,33,LABEL_2,0.9402909278869629
Excope DT1|The World's Lightest Super Telephoto Camera,34,LABEL_2,0.7253485321998596
Excope DT1|The World's Lightest Super Telephoto Camera,35,LABEL_2,0.5029043555259705
Excope DT1|The World's Lightest Super Telephoto Camera,36,LABEL_2,0.5180429816246033
Excope DT1|The World's Lightest Super Telephoto Camera,37,LABEL_2,0.6427299380302429
Excope DT1|The World's Lightest Super Telephoto Camera,38,LABEL_2,0.6758072972297668
Excope DT1|The World's Lightest Super Telephoto Camera,39,LABEL_2,0.6334417462348938
Excope DT1|The World's Lightest Super Telephoto Camera,40,LABEL_2,0.9649784564971924
Excope DT1|The World's Lightest Super Telephoto Camera,41,LABEL_1,0.6536563038825989
Excope DT1|The World's Lightest Super Telephoto Camera,42,LABEL_1,0.5612096786499023
Excope DT1|The World's Lightest Super Telephoto Camera,43,LABEL_2,0.6210288405418396
Excope DT1|The World's Lightest Super Telephoto Camera,44,LABEL_1,0.5245936512947083
Excope DT1|The World's Lightest Super Telephoto Camera,45,LABEL_2,0.9738519787788391
Excope DT1|The World's Lightest Super Telephoto Camera,46,LABEL_1,0.6797932386398315
Excope DT1|The World's Lightest Super Telephoto Camera,47,LABEL_2,0.5781183838844299
Excope DT1|The World's Lightest Super Telephoto Camera,48,LABEL_2,0.9521546363830566
Excope DT1|The World's Lightest Super Telephoto Camera,49,LABEL_2,0.9798288941383362
Excope DT1|The World's Lightest Super Telephoto Camera,50,LABEL_2,0.9491225481033325
Excope DT1|The World's Lightest Super Telephoto Camera,51,LABEL_2,0.8820143938064575
Excope DT1|The World's Lightest Super Telephoto Camera,52,LABEL_2,0.4676220417022705
Vobot Mini Dock: Docking Station w/ Screen & Built-in Apps,1,LABEL_1,0.5183000564575195
Vobot Mini Dock: Docking Station w/ Screen & Built-in Apps,2,LABEL_1,0.5449496507644653
Vobot Mini Dock: Docking Station w/ Screen & Built-in Apps,3,LABEL_1,0.5725555419921875
Vobot Mini Dock: Docking Station w/ Screen & Built-in Apps,4,LABEL_1,0.569771945476532
Vobot Mini Dock: Docking Station w/ Screen & Built-in Apps,5,LABEL_1,0.4860357642173767
Vobot Mini Dock: Docking Station w/ Screen & Built-in Apps,6,LABEL_2,0.7295247316360474
"CLAWLAB: Tufting Kit for Rug Making, Custom Crafts, Artworks",1,LABEL_2,0.5511274337768555
"CLAWLAB: Tufting Kit for Rug Making, Custom Crafts, Artworks",2,LABEL_1,0.5372639894485474
"CLAWLAB: Tufting Kit for Rug Making, Custom Crafts, Artworks",3,LABEL_2,0.5634810924530029
"CLAWLAB: Tufting Kit for Rug Making, Custom Crafts, Artworks",4,LABEL_1,0.508335292339325
"CLAWLAB: Tufting Kit for Rug Making, Custom Crafts, Artworks",5,LABEL_2,0.8562852740287781
"CLAWLAB: Tufting Kit for Rug Making, Custom Crafts, Artworks",6,LABEL_2,0.9914585947990417
Introducing Blipblox myTRACKS,1,LABEL_2,0.8333041071891785
Introducing Blipblox myTRACKS,2,LABEL_2,0.5590065717697144
Rio Router: Digital Security Fortress for All Your Devices,1,LABEL_0,0.573319673538208
Rio Router: Digital Security Fortress for All Your Devices,2,LABEL_1,0.5542290210723877
Rio Router: Digital Security Fortress for All Your Devices,3,LABEL_1,0.6014485955238342
Rio Router: Digital Security Fortress for All Your Devices,4,LABEL_1,0.5710332989692688
Rio Router: Digital Security Fortress for All Your Devices,5,LABEL_1,0.5079473257064819
Rio Router: Digital Security Fortress for All Your Devices,6,LABEL_1,0.6350880861282349
Rio Router: Digital Security Fortress for All Your Devices,7,LABEL_2,0.670922040939331
Rio Router: Digital Security Fortress for All Your Devices,8,LABEL_2,0.6014842391014099
Rio Router: Digital Security Fortress for All Your Devices,9,LABEL_1,0.5556493997573853
Rio Router: Digital Security Fortress for All Your Devices,10,LABEL_2,0.7134391665458679
Rio Router: Digital Security Fortress for All Your Devices,11,LABEL_1,0.6874138712882996
Rio Router: Digital Security Fortress for All Your Devices,12,LABEL_2,0.5309999585151672
Beyond Limits: Introducing The Next Generation Super Cable,1,LABEL_2,0.7899424433708191
Beyond Limits: Introducing The Next Generation Super Cable,2,LABEL_1,0.5036556124687195
HiChord - Pocket Chord Synthesizer,1,LABEL_2,0.9482164978981018
HiChord - Pocket Chord Synthesizer,2,LABEL_2,0.9477683901786804
Haloasis A1 - Holographic Lyric Wireless Speaker,1,LABEL_2,0.9256415367126465
Haloasis A1 - Holographic Lyric Wireless Speaker,2,LABEL_2,0.8740803003311157
Haloasis A1 - Holographic Lyric Wireless Speaker,3,LABEL_2,0.8140087127685547
Haloasis A1 - Holographic Lyric Wireless Speaker,4,LABEL_2,0.9848114252090454
Haloasis A1 - Holographic Lyric Wireless Speaker,5,LABEL_2,0.8482781052589417
Haloasis A1 - Holographic Lyric Wireless Speaker,6,LABEL_2,0.5293415784835815
Haloasis A1 - Holographic Lyric Wireless Speaker,7,LABEL_0,0.5288135409355164
Haloasis A1 - Holographic Lyric Wireless Speaker,8,LABEL_2,0.8426029086112976
Haloasis A1 - Holographic Lyric Wireless Speaker,9,LABEL_2,0.9402246475219727
Haloasis A1 - Holographic Lyric Wireless Speaker,10,LABEL_2,0.9845215678215027
Haloasis A1 - Holographic Lyric Wireless Speaker,11,LABEL_2,0.9903222918510437
Haloasis A1 - Holographic Lyric Wireless Speaker,12,LABEL_2,0.9811690449714661
Haloasis A1 - Holographic Lyric Wireless Speaker,13,LABEL_2,0.9673163294792175
Haloasis A1 - Holographic Lyric Wireless Speaker,14,LABEL_2,0.9719017148017883
Haloasis A1 - Holographic Lyric Wireless Speaker,15,LABEL_2,0.8868499398231506
Haloasis A1 - Holographic Lyric Wireless Speaker,16,LABEL_2,0.9827831983566284
Haloasis A1 - Holographic Lyric Wireless Speaker,17,LABEL_2,0.9641243815422058
Haloasis A1 - Holographic Lyric Wireless Speaker,18,LABEL_2,0.9777902364730835
The innovative key for enhancing and maintaining erections,1,LABEL_2,0.8434151411056519
PhoneMicro5-Portable Smartphone HD Microscope,1,LABEL_2,0.7614730596542358
PhoneMicro5-Portable Smartphone HD Microscope,2,LABEL_1,0.5048922896385193
Nomi Brew Podbuster: Bean to cup without the pod.,1,LABEL_2,0.538625180721283
Friend: Open Source AI Wearable Recording Device,1,LABEL_2,0.7285531163215637
Friend: Open Source AI Wearable Recording Device,2,LABEL_1,0.9232921600341797
ChargeMax丨Ultra-slim Magnetic Wireless Charging Power Bank,1,LABEL_2,0.5986639261245728
